"","sta_id_s","sta_id_t","alt_min","alt_max","alt_mean","alt_med","alt_sumdabsdiff","alt_sumposdiff"
"1",1,2,118.737222726805,1615.44057662429,599.369054774012,417.282122371615,3391.88593952175,1521.6713662293
"2",2,3,2.50249208324145,365.952656396268,61.7710745797605,32.6294542691923,1275.62606667539,710.288177982818
"3",3,4,77.0500945290816,724.763063619034,264.973769792782,207.558950102117,3132.69526533003,1796.47419417801
"4",4,5,-4.70767226321264,281.538932976252,122.41981294024,109.747085225897,793.315761747102,346.959773780116
"5",5,6,47.9529784575714,1327.31210773612,524.162690518743,417.60565895829,4452.10650980104,2065.37383684132
"6",6,7,97.768390792426,660.041657890201,310.404864760434,247.572068083542,1562.6552197296,763.063862886851
"7",7,8,434.888483133401,1538.26697612153,949.438052952889,816.546350214875,3727.72711901784,2325.28496558894
"8",8,9,582.465560706556,1110.64726466982,784.11436628567,748.165754170871,688.877273794276,80.3477849155068
"9",9,10,559.328641787172,559.328641787172,559.328641787172,559.328641787172,0,0
