"","sta_id_s","sta_id_t","alt_min","alt_max","alt_mean","alt_med","alt_sumdabsdiff","alt_sumposdiff"
"1",1,2,266.930475820712,2401.23303748694,1181.37898671505,1249.30501440719,3718.16256168191,1576.74640535954
"2",2,3,96.7457092213077,1894.54472170067,796.124644496561,757.392331929978,3084.29965690237,1211.82651709685
"3",4,5,43.2909180267893,697.468961180328,147.981024794733,90.2434532011345,2054.51346886011,987.922616523168
"4",5,6,102.817285786193,288.103714004226,180.794451681471,151.462355253993,321.927786968267,185.286428218033
"5",7,8,367.752487590469,977.348288975984,705.318839577467,696.827719492144,2656.75813960325,1435.86291610975
"6",8,9,169.067175239717,1223.57937366218,570.261271826476,626.77927241443,1795.88142581723,624.231223685022
"7",9,10,411.341408060833,867.922795664396,603.073404430104,502.83089071486,548.07087025759,91.4894826540273
"8",10,11,438.263045425043,2692.82321921404,970.396257520813,840.653339112375,7302.28798413275,3555.39710553505
"9",11,12,508.052567609846,508.052567609846,508.052567609846,508.052567609846,0,0
